{"cameraMode":{"drawMode":0,"name":"Shaded","section":"Shading Mode"},"sceneLighting":false,"audioPlay":false,"sceneViewState":{"m_AlwaysRefresh":false,"showFog":true,"showSkybox":false,"showFlares":true,"showImageEffects":true,"showParticleSystems":true,"showVisualEffectGraphs":true,"m_FxEnabled":true},"in2DMode":false,"pivot":{"x":5.871061325073242,"y":1.6126127243041993,"z":-9.931381225585938},"rotation":{"x":-0.019183851778507234,"y":0.023989461362361909,"z":0.00045979564310982823,"w":0.9995297789573669},"size":0.9449003338813782,"orthographic":false}