{"cameraMode":{"drawMode":0,"name":"Shaded","section":"Shading Mode"},"sceneLighting":true,"audioPlay":false,"sceneViewState":{"m_AlwaysRefresh":false,"showFog":true,"showSkybox":true,"showFlares":true,"showImageEffects":true,"showParticleSystems":true,"showVisualEffectGraphs":true,"m_FxEnabled":true},"in2DMode":false,"pivot":{"x":4.209001541137695,"y":0.1953202188014984,"z":1.7825500965118409},"rotation":{"x":0.08925999701023102,"y":-0.6916702389717102,"z":0.08677475899457932,"w":0.7114238739013672},"size":0.7222266793251038,"orthographic":false}